{
  "topology": "Abilene",
  "config": {
    "dr_values": [
      0.0,
      0.4,
      0.8
    ],
    "train_episodes": 200,
    "eval_episodes": 50,
    "n_packets": 100,
    "seed": 42,
    "action_method": "ucb"
  },
  "results": {
    "0.0": {
      "ospf": 3.2086,
      "scair": {
        "avg": 3.0197999999999996,
        "std": 0.22869621772123824
      },
      "deg_mean": {
        "avg": 3.0544000000000007,
        "std": 0.24949677352623217
      },
      "deg_dot": {
        "avg": 3.0522000000000005,
        "std": 0.23892500915559256
      },
      "deg_lattn": {
        "avg": 3.023399999999999,
        "std": 0.23947116736676252
      },
      "bet_mean": {
        "avg": 3.0324,
        "std": 0.22966549588477586
      },
      "bet_dot": {
        "avg": 3.0641999999999996,
        "std": 0.23046986787864482
      },
      "bet_lattn": {
        "avg": 3.0746,
        "std": 0.2470158699355165
      },
      "sp_mean": {
        "avg": 3.0444,
        "std": 0.24598504019553707
      },
      "sp_dot": {
        "avg": 3.04,
        "std": 0.21926239987740717
      },
      "sp_lattn": {
        "avg": 3.0325999999999995,
        "std": 0.24430153499313098
      },
      "deg_fixed": {
        "avg": 3.0271999999999997,
        "std": 0.245910878165241
      },
      "bet_fixed": {
        "avg": 3.0225999999999997,
        "std": 0.23253223432462003
      },
      "sp_fixed": {
        "avg": 3.0292000000000003,
        "std": 0.23717369162704366
      }
    },
    "0.4": {
      "ospf": 3.9160000000000004,
      "scair": {
        "avg": 3.0492000000000004,
        "std": 0.38187872420442587
      },
      "deg_mean": {
        "avg": 3.0164,
        "std": 0.3302651056348521
      },
      "deg_dot": {
        "avg": 2.975,
        "std": 0.3580349144985723
      },
      "deg_lattn": {
        "avg": 2.9789999999999996,
        "std": 0.33535205381807337
      },
      "bet_mean": {
        "avg": 3.0578000000000003,
        "std": 0.3599849441296122
      },
      "bet_dot": {
        "avg": 3.0556,
        "std": 0.3919651004872755
      },
      "bet_lattn": {
        "avg": 3.0329999999999995,
        "std": 0.35505633355849325
      },
      "sp_mean": {
        "avg": 3.0414000000000003,
        "std": 0.37329350382775217
      },
      "sp_dot": {
        "avg": 3.002,
        "std": 0.3555952755591671
      },
      "sp_lattn": {
        "avg": 3.029200000000001,
        "std": 0.36625586684720834
      },
      "deg_fixed": {
        "avg": 3.077400000000001,
        "std": 0.41528693694841884
      },
      "bet_fixed": {
        "avg": 3.0926000000000005,
        "std": 0.3754027703680408
      },
      "sp_fixed": {
        "avg": 3.0552000000000006,
        "std": 0.37449827769964444
      }
    },
    "0.8": {
      "ospf": 16.6706,
      "scair": {
        "avg": 6.494,
        "std": 1.2243626913623267
      },
      "deg_mean": {
        "avg": 6.2838,
        "std": 1.2361017595651258
      },
      "deg_dot": {
        "avg": 6.2466,
        "std": 1.325085068967272
      },
      "deg_lattn": {
        "avg": 6.302800000000001,
        "std": 1.2503008278010537
      },
      "bet_mean": {
        "avg": 6.6286000000000005,
        "std": 1.176948614001478
      },
      "bet_dot": {
        "avg": 6.3042,
        "std": 1.2293463141035563
      },
      "bet_lattn": {
        "avg": 6.625927396413111,
        "std": 1.2108166806141762
      },
      "sp_mean": {
        "avg": 6.311199999999999,
        "std": 1.258871939475974
      },
      "sp_dot": {
        "avg": 6.37,
        "std": 1.3106807391580912
      },
      "sp_lattn": {
        "avg": 6.3548,
        "std": 1.2292212819504875
      },
      "deg_fixed": {
        "avg": 6.317400000000001,
        "std": 1.251448456789172
      },
      "bet_fixed": {
        "avg": 6.3108,
        "std": 1.2477433069345636
      },
      "sp_fixed": {
        "avg": 6.2144,
        "std": 1.2456968491571296
      }
    }
  }
}