{
  "topology": "BRAIN",
  "config": {
    "dr_values": [
      0.0,
      0.4,
      0.8
    ],
    "train_episodes": 200,
    "eval_episodes": 50,
    "n_packets": 100,
    "seed": 42,
    "action_method": "ucb"
  },
  "results": {
    "0.0": {
      "ospf": 3.3082000000000007,
      "scair": {
        "avg": 2.2526,
        "std": 0.1818879875087962
      },
      "deg_mean": {
        "avg": 2.3104,
        "std": 0.23020825354448085
      },
      "deg_dot": {
        "avg": 2.2544,
        "std": 0.19383663224478492
      },
      "deg_lattn": {
        "avg": 2.3008,
        "std": 0.21020789709237853
      },
      "bet_mean": {
        "avg": 2.257,
        "std": 0.19671553065276776
      },
      "bet_dot": {
        "avg": 2.2960000000000003,
        "std": 0.21125340233946527
      },
      "bet_lattn": {
        "avg": 2.2274000000000003,
        "std": 0.18201988902315044
      },
      "sp_mean": {
        "avg": 2.2476000000000003,
        "std": 0.19154696552020867
      },
      "sp_dot": {
        "avg": 2.2668,
        "std": 0.19608610353617614
      },
      "sp_lattn": {
        "avg": 2.2361999999999997,
        "std": 0.1849744847269482
      },
      "deg_fixed": {
        "avg": 2.3228,
        "std": 0.21549979118319348
      },
      "bet_fixed": {
        "avg": 2.2514,
        "std": 0.1932046583289337
      },
      "sp_fixed": {
        "avg": 2.2489999999999997,
        "std": 0.18623909364040622
      }
    },
    "0.4": {
      "ospf": 2.9772,
      "scair": {
        "avg": 2.1092000000000004,
        "std": 0.18880508467729362
      },
      "deg_mean": {
        "avg": 2.1102000000000003,
        "std": 0.19593356016772626
      },
      "deg_dot": {
        "avg": 2.1006,
        "std": 0.18936113645624333
      },
      "deg_lattn": {
        "avg": 2.0818,
        "std": 0.20297477675809872
      },
      "bet_mean": {
        "avg": 2.0829999999999997,
        "std": 0.19763855899090135
      },
      "bet_dot": {
        "avg": 2.1240000000000006,
        "std": 0.19421637418096346
      },
      "bet_lattn": {
        "avg": 2.0828,
        "std": 0.18844670334075891
      },
      "sp_mean": {
        "avg": 2.0762,
        "std": 0.20115556169293455
      },
      "sp_dot": {
        "avg": 2.1148000000000002,
        "std": 0.19027601004856076
      },
      "sp_lattn": {
        "avg": 2.0862,
        "std": 0.18614929492211352
      },
      "deg_fixed": {
        "avg": 2.1004,
        "std": 0.1792312472756913
      },
      "bet_fixed": {
        "avg": 2.0909999999999997,
        "std": 0.18210161998181124
      },
      "sp_fixed": {
        "avg": 2.0786,
        "std": 0.18115198039215583
      }
    },
    "0.8": {
      "ospf": 15.927200000000001,
      "scair": {
        "avg": 3.2702,
        "std": 0.4649408134375816
      },
      "deg_mean": {
        "avg": 3.2236000000000002,
        "std": 0.369906799072415
      },
      "deg_dot": {
        "avg": 3.198,
        "std": 0.36554069540886963
      },
      "deg_lattn": {
        "avg": 3.2435757575757576,
        "std": 0.4058234811934502
      },
      "bet_mean": {
        "avg": 3.2922000000000002,
        "std": 0.4461896009545718
      },
      "bet_dot": {
        "avg": 3.2438000000000007,
        "std": 0.38133916662205053
      },
      "bet_lattn": {
        "avg": 3.1995999999999998,
        "std": 0.37736433323778756
      },
      "sp_mean": {
        "avg": 3.1976000000000004,
        "std": 0.3848041579816933
      },
      "sp_dot": {
        "avg": 3.3232,
        "std": 0.416362534337565
      },
      "sp_lattn": {
        "avg": 3.1848,
        "std": 0.40534054818140264
      },
      "deg_fixed": {
        "avg": 3.1334,
        "std": 0.38189323115237334
      },
      "bet_fixed": {
        "avg": 3.4577999999999998,
        "std": 0.5138298940310889
      },
      "sp_fixed": {
        "avg": 3.2872,
        "std": 0.40371296734189754
      }
    }
  }
}