{
  "topology": "BRAIN",
  "variants": 9,
  "results": {
    "0.0": {
      "ospf": 3.9148,
      "scair": {
        "avg": 2.3333999999999997,
        "std": 0.2078553343073013
      },
      "deg_mean": {
        "avg": 2.315,
        "std": 0.21167720708663937
      },
      "deg_dot": {
        "avg": 2.4023999999999996,
        "std": 0.20585519182182413
      },
      "deg_lattn": {
        "avg": 2.3213999999999997,
        "std": 0.186129954601617
      },
      "bet_mean": {
        "avg": 2.387,
        "std": 0.21051565262469207
      },
      "bet_dot": {
        "avg": 2.4033999999999995,
        "std": 0.20950417656934672
      },
      "bet_lattn": {
        "avg": 2.3409999999999997,
        "std": 0.1969897459260253
      },
      "deg_fixed": {
        "avg": 2.3594,
        "std": 0.2080899805372666
      },
      "bet_fixed": {
        "avg": 2.365,
        "std": 0.20883447991172338
      }
    },
    "0.4": {
      "ospf": 3.4430000000000005,
      "scair": {
        "avg": 2.1350000000000002,
        "std": 0.16821521928767327
      },
      "deg_mean": {
        "avg": 2.166,
        "std": 0.16767158375825048
      },
      "deg_dot": {
        "avg": 2.1886,
        "std": 0.1731807148616728
      },
      "deg_lattn": {
        "avg": 2.2319999999999998,
        "std": 0.19730342115634994
      },
      "bet_mean": {
        "avg": 2.1604,
        "std": 0.16040897730488776
      },
      "bet_dot": {
        "avg": 2.1590000000000003,
        "std": 0.1613296005077804
      },
      "bet_lattn": {
        "avg": 2.205,
        "std": 0.17153063866260168
      },
      "deg_fixed": {
        "avg": 2.1736,
        "std": 0.18275666882497066
      },
      "bet_fixed": {
        "avg": 2.185,
        "std": 0.1653651716656201
      }
    },
    "0.8": {
      "ospf": 15.5618,
      "scair": {
        "avg": 3.0623999999999993,
        "std": 0.2859191494111578
      },
      "deg_mean": {
        "avg": 3.1026,
        "std": 0.3289029644135182
      },
      "deg_dot": {
        "avg": 3.0098,
        "std": 0.3336839822346886
      },
      "deg_lattn": {
        "avg": 3.1174,
        "std": 0.3138662772583254
      },
      "bet_mean": {
        "avg": 3.0632,
        "std": 0.33265453551695334
      },
      "bet_dot": {
        "avg": 3.005,
        "std": 0.2775769442875254
      },
      "bet_lattn": {
        "avg": 3.0661858585858592,
        "std": 0.315941160845846
      },
      "deg_fixed": {
        "avg": 3.1011999999999995,
        "std": 0.3492206179480244
      },
      "bet_fixed": {
        "avg": 3.1551999999999993,
        "std": 0.3545444400917888
      }
    }
  }
}