{
  "topology": "GEANT",
  "config": {
    "dr_values": [
      0.0,
      0.4,
      0.8
    ],
    "train_episodes": 200,
    "eval_episodes": 50,
    "n_packets": 100,
    "seed": 42,
    "action_method": "ucb"
  },
  "results": {
    "0.0": {
      "ospf": 2.8274,
      "scair": {
        "avg": 2.7582,
        "std": 0.19890389639220238
      },
      "deg_mean": {
        "avg": 2.7519999999999993,
        "std": 0.20310588371585891
      },
      "deg_dot": {
        "avg": 2.702941414141414,
        "std": 0.20530062830108017
      },
      "deg_lattn": {
        "avg": 2.7415999999999996,
        "std": 0.20972706072417072
      },
      "bet_mean": {
        "avg": 2.7705777777777785,
        "std": 0.2300181678278135
      },
      "bet_dot": {
        "avg": 2.7674000000000003,
        "std": 0.19749237959982152
      },
      "bet_lattn": {
        "avg": 2.7230000000000003,
        "std": 0.2110473880435387
      },
      "sp_mean": {
        "avg": 2.7703999999999995,
        "std": 0.19976946713649713
      },
      "sp_dot": {
        "avg": 2.7723676767676775,
        "std": 0.22342318835287878
      },
      "sp_lattn": {
        "avg": 2.7422000000000004,
        "std": 0.2191190543973755
      },
      "deg_fixed": {
        "avg": 2.719,
        "std": 0.22517770760001976
      },
      "bet_fixed": {
        "avg": 2.6862,
        "std": 0.19186338889949797
      },
      "sp_fixed": {
        "avg": 2.754589898989899,
        "std": 0.20142715190545288
      }
    },
    "0.4": {
      "ospf": 5.387199999999999,
      "scair": {
        "avg": 3.294537373737374,
        "std": 0.24683497996010392
      },
      "deg_mean": {
        "avg": 3.359117171717171,
        "std": 0.278134502119493
      },
      "deg_dot": {
        "avg": 3.28609696969697,
        "std": 0.23412408034076423
      },
      "deg_lattn": {
        "avg": 3.316818181818182,
        "std": 0.28439678079334824
      },
      "bet_mean": {
        "avg": 3.3221999999999996,
        "std": 0.2926382750085847
      },
      "bet_dot": {
        "avg": 3.3207616161616165,
        "std": 0.2638444190146129
      },
      "bet_lattn": {
        "avg": 3.3374,
        "std": 0.2914639600362281
      },
      "sp_mean": {
        "avg": 3.3456,
        "std": 0.27061529890233477
      },
      "sp_dot": {
        "avg": 3.291216161616162,
        "std": 0.24995949796190015
      },
      "sp_lattn": {
        "avg": 3.307242424242424,
        "std": 0.22298729296348102
      },
      "deg_fixed": {
        "avg": 3.2769515151515156,
        "std": 0.23193243696560517
      },
      "bet_fixed": {
        "avg": 3.2820000000000005,
        "std": 0.25100597602447633
      },
      "sp_fixed": {
        "avg": 3.3982565656565655,
        "std": 0.2802401544258736
      }
    },
    "0.8": {
      "ospf": 23.5456,
      "scair": {
        "avg": 6.184169696969698,
        "std": 1.0222320546977912
      },
      "deg_mean": {
        "avg": 5.9984666666666655,
        "std": 1.0182462755551178
      },
      "deg_dot": {
        "avg": 5.775161616161617,
        "std": 1.0497993146602431
      },
      "deg_lattn": {
        "avg": 5.997745454545455,
        "std": 0.9738910240566384
      },
      "bet_mean": {
        "avg": 5.929503030303031,
        "std": 1.0516328246754685
      },
      "bet_dot": {
        "avg": 5.969745454545455,
        "std": 0.9909907150846271
      },
      "bet_lattn": {
        "avg": 6.343161616161616,
        "std": 1.0083844501812846
      },
      "sp_mean": {
        "avg": 6.154008080808081,
        "std": 1.0244097941549444
      },
      "sp_dot": {
        "avg": 6.075733333333334,
        "std": 1.0335229891142481
      },
      "sp_lattn": {
        "avg": 6.216078787878788,
        "std": 1.029286171147806
      },
      "deg_fixed": {
        "avg": 5.920397979797981,
        "std": 1.0175895895507006
      },
      "bet_fixed": {
        "avg": 5.904585858585858,
        "std": 0.9369568460794563
      },
      "sp_fixed": {
        "avg": 5.881349494949494,
        "std": 0.9953019950368606
      }
    }
  }
}