{
  "topology": "Germany50",
  "config": {
    "dr_values": [
      0.0,
      0.4,
      0.8
    ],
    "train_episodes": 200,
    "eval_episodes": 50,
    "n_packets": 100,
    "seed": 42,
    "action_method": "ucb"
  },
  "results": {
    "0.0": {
      "ospf": 4.7102,
      "scair": {
        "avg": 4.641246322896544,
        "std": 0.4168661213335792
      },
      "deg_mean": {
        "avg": 4.525120098523632,
        "std": 0.38061642743292123
      },
      "deg_dot": {
        "avg": 4.593061387279061,
        "std": 0.3706891493489195
      },
      "deg_lattn": {
        "avg": 4.489658660983919,
        "std": 0.4204295580061414
      },
      "bet_mean": {
        "avg": 4.531745396740389,
        "std": 0.35618515005254875
      },
      "bet_dot": {
        "avg": 4.7031196275823675,
        "std": 0.4291042403235082
      },
      "bet_lattn": {
        "avg": 4.554265553919162,
        "std": 0.43674896629445287
      },
      "sp_mean": {
        "avg": 4.516839228812425,
        "std": 0.345856829874134
      },
      "sp_dot": {
        "avg": 4.578361674391719,
        "std": 0.3774979898433125
      },
      "sp_lattn": {
        "avg": 4.453099397934745,
        "std": 0.35745926013758483
      },
      "deg_fixed": {
        "avg": 4.227345083487942,
        "std": 0.318986293690446
      },
      "bet_fixed": {
        "avg": 4.2908878220985365,
        "std": 0.32339883272522457
      },
      "sp_fixed": {
        "avg": 4.838503537478721,
        "std": 0.5655585106838211
      }
    },
    "0.4": {
      "ospf": 9.0302,
      "scair": {
        "avg": 5.348466279770923,
        "std": 0.4605507474858909
      },
      "deg_mean": {
        "avg": 5.20938556074101,
        "std": 0.34947313662151336
      },
      "deg_dot": {
        "avg": 5.510016799543936,
        "std": 0.5805436814983808
      },
      "deg_lattn": {
        "avg": 5.368244074715172,
        "std": 0.45343363272180276
      },
      "bet_mean": {
        "avg": 5.353505638384688,
        "std": 0.505636762350896
      },
      "bet_dot": {
        "avg": 5.504181278384518,
        "std": 0.44999511044403967
      },
      "bet_lattn": {
        "avg": 5.316570918686125,
        "std": 0.4648025997473368
      },
      "sp_mean": {
        "avg": 5.052078603289587,
        "std": 0.31587470024600856
      },
      "sp_dot": {
        "avg": 5.208726368460536,
        "std": 0.46849550976895815
      },
      "sp_lattn": {
        "avg": 5.492041741632611,
        "std": 0.5023818717665768
      },
      "deg_fixed": {
        "avg": 5.005457450159071,
        "std": 0.34491525782304366
      },
      "bet_fixed": {
        "avg": 4.855790558647701,
        "std": 0.3223340735054564
      },
      "sp_fixed": {
        "avg": 5.99591526901558,
        "std": 0.6886729910322471
      }
    },
    "0.8": {
      "ospf": 28.801200000000005,
      "scair": {
        "avg": 6.9473585334526184,
        "std": 0.6256357004908845
      },
      "deg_mean": {
        "avg": 7.724964767784817,
        "std": 0.6640828600218959
      },
      "deg_dot": {
        "avg": 7.288857208187732,
        "std": 0.5931992350389845
      },
      "deg_lattn": {
        "avg": 7.368337278835198,
        "std": 0.6726596930823053
      },
      "bet_mean": {
        "avg": 7.230103271832051,
        "std": 0.7572180837477843
      },
      "bet_dot": {
        "avg": 7.208298683446105,
        "std": 0.7340536571879727
      },
      "bet_lattn": {
        "avg": 7.38664530955742,
        "std": 0.6402698058488707
      },
      "sp_mean": {
        "avg": 7.099436661114109,
        "std": 0.7509513538379816
      },
      "sp_dot": {
        "avg": 7.24331665015518,
        "std": 0.6805652617841679
      },
      "sp_lattn": {
        "avg": 7.454911041204681,
        "std": 0.6742863559372441
      },
      "deg_fixed": {
        "avg": 7.076935365084063,
        "std": 0.6496493772073186
      },
      "bet_fixed": {
        "avg": 7.053975697579408,
        "std": 0.6118044108127797
      },
      "sp_fixed": {
        "avg": 6.918173323876664,
        "std": 0.595486261408025
      }
    }
  }
}