{
  "topology": "Germany50",
  "variants": 9,
  "results": {
    "0.0": {
      "ospf": 4.8022,
      "scair": {
        "avg": 4.214250972591473,
        "std": 0.31914722793028755
      },
      "deg_mean": {
        "avg": 4.3041554233689725,
        "std": 0.44472775456540736
      },
      "deg_dot": {
        "avg": 4.2672044501399435,
        "std": 0.40987382203510353
      },
      "deg_lattn": {
        "avg": 4.3337258990069,
        "std": 0.3919952540423466
      },
      "bet_mean": {
        "avg": 4.406663839318921,
        "std": 0.39196095815385884
      },
      "bet_dot": {
        "avg": 4.318368638805922,
        "std": 0.36295646750944455
      },
      "bet_lattn": {
        "avg": 4.226144011544012,
        "std": 0.35843349786505546
      },
      "deg_fixed": {
        "avg": 4.05488332302618,
        "std": 0.26087207417533564
      },
      "bet_fixed": {
        "avg": 4.091789486703772,
        "std": 0.31634791763067327
      }
    },
    "0.4": {
      "ospf": 8.559,
      "scair": {
        "avg": 5.133592212467618,
        "std": 0.32657880634581216
      },
      "deg_mean": {
        "avg": 5.085173748849743,
        "std": 0.32849804150128603
      },
      "deg_dot": {
        "avg": 5.238889311505908,
        "std": 0.334335488742994
      },
      "deg_lattn": {
        "avg": 5.338253102453104,
        "std": 0.395550212400062
      },
      "bet_mean": {
        "avg": 5.046634673263244,
        "std": 0.3406765028340696
      },
      "bet_dot": {
        "avg": 5.448471242777024,
        "std": 0.4631604325720454
      },
      "bet_lattn": {
        "avg": 5.074139848569855,
        "std": 0.3552935777651244
      },
      "deg_fixed": {
        "avg": 4.975547639661925,
        "std": 0.35859691819004275
      },
      "bet_fixed": {
        "avg": 5.019398845598846,
        "std": 0.34090072315153946
      }
    },
    "0.8": {
      "ospf": 27.509199999999996,
      "scair": {
        "avg": 7.267917836463761,
        "std": 0.6256883742454138
      },
      "deg_mean": {
        "avg": 7.6504057905988905,
        "std": 0.6198133987867179
      },
      "deg_dot": {
        "avg": 6.643095587204771,
        "std": 0.6149279187966201
      },
      "deg_lattn": {
        "avg": 7.664429900115383,
        "std": 0.5583074572252318
      },
      "bet_mean": {
        "avg": 6.6270056149328544,
        "std": 0.5508487717907774
      },
      "bet_dot": {
        "avg": 7.238663438733323,
        "std": 0.5754628468770703
      },
      "bet_lattn": {
        "avg": 7.022487909306672,
        "std": 0.5525498196971447
      },
      "deg_fixed": {
        "avg": 6.870120061598523,
        "std": 0.5319590850162691
      },
      "bet_fixed": {
        "avg": 6.836952160729959,
        "std": 0.5189086542047588
      }
    }
  }
}