{
  "epsilon_greedy": {
    "0.0": 3.4440000000000004,
    "0.2": 2.9770000000000003,
    "0.4": 3.2510000000000003,
    "0.6": 3.790387755102041,
    "0.8": 5.223000000000001,
    "1.0": 7.508999999999999
  },
  "ucb": {
    "0.0": 3.053,
    "0.2": 2.707,
    "0.4": 3.0009999999999994,
    "0.6": 3.518,
    "0.8": 4.943,
    "1.0": 7.108
  }
}