{
  "config": {
    "dr_values": [
      0.0,
      0.2,
      0.4,
      0.6,
      0.8
    ],
    "train_episodes": 300,
    "eval_episodes": 50,
    "n_packets": 100,
    "seed": 42,
    "action_method": "ucb"
  },
  "results": {
    "0.0": {
      "ospf": {
        "avg_delivery_time": 4.890000000000001,
        "avg_hops": 3.44,
        "delivery_rate": 1.0
      },
      "onehot_pernode": {
        "avg_delivery_time": 3.9306101010101013,
        "std_delivery_time": 0.24279555314813184
      },
      "onehot_sharedq": {
        "avg_delivery_time": 3.9421838383838383,
        "std_delivery_time": 0.2196659668267723
      },
      "nbrmask_pernode": {
        "avg_delivery_time": 3.956769696969697,
        "std_delivery_time": 0.23560857771669588
      },
      "nbrmask_sharedq": {
        "avg_delivery_time": 3.9244021438878582,
        "std_delivery_time": 0.22176499929555113
      }
    },
    "0.2": {
      "ospf": {
        "avg_delivery_time": 5.276,
        "avg_hops": 3.7752000000000003,
        "delivery_rate": 1.0
      },
      "onehot_pernode": {
        "avg_delivery_time": 4.294355308183881,
        "std_delivery_time": 0.22992292357356156
      },
      "onehot_sharedq": {
        "avg_delivery_time": 4.404022758194186,
        "std_delivery_time": 0.27985491464633777
      },
      "nbrmask_pernode": {
        "avg_delivery_time": 4.3775258586283625,
        "std_delivery_time": 0.24022260966901973
      },
      "nbrmask_sharedq": {
        "avg_delivery_time": 4.223747474747475,
        "std_delivery_time": 0.22677363493556205
      }
    },
    "0.4": {
      "ospf": {
        "avg_delivery_time": 8.9876,
        "avg_hops": 4.0884,
        "delivery_rate": 1.0
      },
      "onehot_pernode": {
        "avg_delivery_time": 4.753220202020202,
        "std_delivery_time": 0.21683261817273364
      },
      "onehot_sharedq": {
        "avg_delivery_time": 4.75249494949495,
        "std_delivery_time": 0.18897033111639658
      },
      "nbrmask_pernode": {
        "avg_delivery_time": 5.213844444444444,
        "std_delivery_time": 0.3466842849529282
      },
      "nbrmask_sharedq": {
        "avg_delivery_time": 4.860198227169656,
        "std_delivery_time": 0.25655758073199786
      }
    },
    "0.6": {
      "ospf": {
        "avg_delivery_time": 15.551400000000001,
        "avg_hops": 4.3666,
        "delivery_rate": 1.0
      },
      "onehot_pernode": {
        "avg_delivery_time": 6.225907400535972,
        "std_delivery_time": 0.44752993066310454
      },
      "onehot_sharedq": {
        "avg_delivery_time": 5.431162853019995,
        "std_delivery_time": 0.33466318501297493
      },
      "nbrmask_pernode": {
        "avg_delivery_time": 5.50658478664193,
        "std_delivery_time": 0.3632495435547458
      },
      "nbrmask_sharedq": {
        "avg_delivery_time": 5.29773172541744,
        "std_delivery_time": 0.31189962571049645
      }
    },
    "0.8": {
      "ospf": {
        "avg_delivery_time": 28.336400000000005,
        "avg_hops": 4.6854,
        "delivery_rate": 1.0
      },
      "onehot_pernode": {
        "avg_delivery_time": 6.577011732728081,
        "std_delivery_time": 0.5782299841502534
      },
      "onehot_sharedq": {
        "avg_delivery_time": 6.17795502277137,
        "std_delivery_time": 0.5464563189773254
      },
      "nbrmask_pernode": {
        "avg_delivery_time": 6.627862847707031,
        "std_delivery_time": 0.5229280824779897
      },
      "nbrmask_sharedq": {
        "avg_delivery_time": 6.3661463462735925,
        "std_delivery_time": 0.5567042504175201
      }
    }
  }
}