{
  "\u03b5-greedy / mean": {
    "0.0": 3.5410000000000004,
    "0.2": 3.2030000000000003,
    "0.4": 3.3049999999999997,
    "0.6": 3.9739999999999993,
    "0.8": 5.4270000000000005,
    "1.0": 7.233000000000001
  },
  "\u03b5-greedy / GAT": {
    "0.0": 3.688,
    "0.2": 3.31,
    "0.4": 3.2590000000000003,
    "0.6": 3.8890000000000002,
    "0.8": 5.325,
    "1.0": 7.168000000000001
  }
}