{
  "config": {
    "train_episodes": 500,
    "eval_episodes": 100,
    "n_packets": 100,
    "dist_ratio": 0.7,
    "seed": 42
  },
  "ospf": {
    "avg_delivery_time": 1.36,
    "avg_hops": 1.36,
    "delivery_rate": 1.0
  },
  "per_node_gnn": {
    "train": {
      "avg_delivery_time": 7.434694328126118,
      "std_delivery_time": 4.685391760065931,
      "avg_hops": 3.543250995759757,
      "delivery_rate": 0.9939199999999999
    },
    "eval": {
      "avg_delivery_time": 5.394799999999999,
      "std_delivery_time": 0.8660559797149373,
      "avg_hops": 2.4106,
      "delivery_rate": 1.0
    },
    "train_curve": [
      23.10112359550562,
      26.35483870967742,
      29.267441860465116,
      14.98936170212766,
      22.13684210526316,
      28.13186813186813,
      25.92391304347826,
      24.0,
      25.166666666666668,
      22.13953488372093,
      27.505494505494507,
      20.87912087912088,
      27.813953488372093,
      22.931818181818183,
      15.838709677419354,
      19.813953488372093,
      21.64516129032258,
      19.752808988764045,
      26.895833333333332,
      16.369565217391305,
      17.304347826086957,
      19.623655913978496,
      15.76530612244898,
      23.071428571428573,
      20.0,
      20.125,
      14.580645161290322,
      18.46938775510204,
      25.030927835051546,
      13.606382978723405,
      20.9375,
      22.721649484536083,
      15.373737373737374,
      20.43617021276596,
      16.604166666666668,
      15.757575757575758,
      19.144329896907216,
      15.608247422680412,
      18.329896907216494,
      17.336734693877553,
      16.091836734693878,
      15.53125,
      15.848484848484848,
      12.785714285714286,
      12.85,
      13.53,
      15.262626262626263,
      18.142857142857142,
      15.24742268041237,
      13.295918367346939,
      11.373737373737374,
      11.5,
      10.85,
      16.18,
      12.868686868686869,
      10.747474747474747,
      12.808080808080808,
      13.377551020408163,
      11.91,
      12.96,
      14.37,
      13.090909090909092,
      9.72,
      12.03,
      12.2,
      10.59,
      16.91,
      15.343434343434344,
      8.091836734693878,
      11.424242424242424,
      9.18,
      6.98,
      7.61,
      11.97,
      7.8,
      10.9,
      10.33,
      10.04,
      7.18,
      10.92,
      9.16,
      7.18,
      10.46,
      11.55,
      9.0,
      7.29,
      9.31,
      9.28,
      7.91,
      9.14,
      8.49,
      7.69,
      6.91,
      10.57,
      6.48,
      8.24,
      10.99,
      8.75,
      8.22,
      6.2,
      9.04,
      5.35,
      6.73,
      6.47,
      8.79,
      5.38,
      9.01,
      6.22,
      10.76,
      7.34,
      5.81,
      7.99,
      6.3,
      7.84,
      7.42,
      7.78,
      6.98,
      5.93,
      7.96,
      9.2,
      6.68,
      7.04,
      7.9,
      5.02,
      5.3,
      5.92,
      8.31,
      6.23,
      6.61,
      5.73,
      5.82,
      6.1,
      6.48,
      8.19,
      5.02,
      6.0,
      5.88,
      5.86,
      6.39,
      6.65,
      8.55,
      4.58,
      6.69,
      5.08,
      4.83,
      4.29,
      5.68,
      5.98,
      4.23,
      5.31,
      5.19,
      7.01,
      5.82,
      5.58,
      6.59,
      5.6,
      5.5,
      5.27,
      5.78,
      4.7,
      4.51,
      3.85,
      4.69,
      4.58,
      5.25,
      4.74,
      5.46,
      4.59,
      4.14,
      4.18,
      6.04,
      5.02,
      5.25,
      4.85,
      4.81,
      6.38,
      5.11,
      5.79,
      5.52,
      5.28,
      4.56,
      3.74,
      4.4,
      4.54,
      5.8,
      4.27,
      5.56,
      4.7,
      6.38,
      6.38,
      5.37,
      4.48,
      4.58,
      4.49,
      5.95,
      4.96,
      5.74,
      5.1,
      4.93,
      4.96,
      4.96,
      5.97,
      5.17,
      4.17,
      5.32,
      6.76,
      5.28,
      6.61,
      5.47,
      5.21,
      5.31,
      5.98,
      5.04,
      5.96,
      5.76,
      6.15,
      5.61,
      6.25,
      6.4,
      7.5,
      6.1,
      5.37,
      6.51,
      5.17,
      4.56,
      6.29,
      5.71,
      4.55,
      4.47,
      6.68,
      4.61,
      5.3,
      5.56,
      4.85,
      5.63,
      4.54,
      5.14,
      5.59,
      5.4,
      4.52,
      6.03,
      5.19,
      5.24,
      4.51,
      5.3,
      5.03,
      4.36,
      8.11,
      5.58,
      5.46,
      4.04,
      6.35,
      5.62,
      4.58,
      6.15,
      4.75,
      4.44,
      5.21,
      5.49,
      4.52,
      5.92,
      4.55,
      5.44,
      5.11,
      6.65,
      6.52,
      5.42,
      5.03,
      4.28,
      6.42,
      6.41,
      6.43,
      4.49,
      5.88,
      5.14,
      5.86,
      4.67,
      4.31,
      4.1,
      5.86,
      5.65,
      4.85,
      7.81,
      5.95,
      6.13,
      6.89,
      4.69,
      5.94,
      4.08,
      4.85,
      5.77,
      8.96,
      5.94,
      6.28,
      4.53,
      7.13,
      5.12,
      5.51,
      5.37,
      5.89,
      4.78,
      5.31,
      4.56,
      6.4,
      5.01,
      5.9,
      6.36,
      8.48,
      5.24,
      5.35,
      4.25,
      5.1,
      6.79,
      5.69,
      6.27,
      4.04,
      5.61,
      4.59,
      5.16,
      6.1,
      7.06,
      5.28,
      5.51,
      4.68,
      4.09,
      5.09,
      6.04,
      3.92,
      5.53,
      4.07,
      7.81,
      6.86,
      5.98,
      4.58,
      4.77,
      5.54,
      6.84,
      5.12,
      4.59,
      5.48,
      5.87,
      6.24,
      5.9,
      5.02,
      4.89,
      5.26,
      4.93,
      5.05,
      5.69,
      5.38,
      6.44,
      5.71,
      7.33,
      4.84,
      5.2,
      7.48,
      4.7,
      5.12,
      5.58,
      4.98,
      4.19,
      6.61,
      6.07,
      5.26,
      6.9,
      5.81,
      4.99,
      4.7,
      6.25,
      5.34,
      7.44,
      5.63,
      5.32,
      5.01,
      3.62,
      4.86,
      5.17,
      4.79,
      5.9,
      4.63,
      4.46,
      6.0,
      5.84,
      6.71,
      4.96,
      4.75,
      6.82,
      5.01,
      3.7,
      4.41,
      4.02,
      4.43,
      5.59,
      7.43,
      4.71,
      4.77,
      5.26,
      5.68,
      5.82,
      5.3,
      6.79,
      4.89,
      5.63,
      5.29,
      4.65,
      6.23,
      7.47,
      4.16,
      5.7,
      4.82,
      4.1,
      6.94,
      5.61,
      5.59,
      5.04,
      4.87,
      5.91,
      5.8,
      4.96,
      4.19,
      5.53,
      5.12,
      4.44,
      4.55,
      5.0,
      4.81,
      4.64,
      5.67,
      7.07,
      5.55,
      4.23,
      4.51,
      4.73,
      3.97,
      6.21,
      5.01,
      4.77,
      5.05,
      5.15,
      6.3,
      5.41,
      4.79,
      5.3,
      5.77,
      6.04,
      4.29,
      6.16,
      6.0,
      4.67,
      7.27,
      5.24,
      4.67,
      7.14,
      6.43,
      4.34,
      5.54,
      4.67,
      4.26,
      6.01,
      8.1,
      5.9,
      5.86,
      6.23,
      6.08,
      6.46,
      5.69,
      4.26,
      5.38,
      5.32,
      3.66,
      4.37,
      7.67,
      5.31,
      4.38,
      4.76,
      5.2,
      5.15,
      4.78,
      6.32,
      3.84,
      5.28,
      4.48,
      5.73,
      4.47,
      4.03,
      4.83,
      4.8,
      4.39,
      6.41,
      6.41,
      6.4,
      6.6,
      5.68,
      4.81,
      7.72,
      5.15,
      4.51,
      6.02,
      3.51,
      5.86
    ]
  },
  "shared_gnn": {
    "train": {
      "avg_delivery_time": 7.444480736211459,
      "std_delivery_time": 4.791772237949343,
      "avg_hops": 3.552560497645011,
      "delivery_rate": 0.9940399999999999
    },
    "eval": {
      "avg_delivery_time": 5.165899999999999,
      "std_delivery_time": 0.8754736946362237,
      "avg_hops": 2.4248000000000003,
      "delivery_rate": 1.0
    },