{
  "config": {
    "dr_values": [
      0.0,
      0.2,
      0.4,
      0.6,
      0.8
    ],
    "train_episodes": 300,
    "eval_episodes": 50,
    "n_packets": 100,
    "seed": 42
  },
  "results": {
    "0.0": {
      "ospf": {
        "avg_delivery_time": 3.3552,
        "avg_hops": 2.5488,
        "delivery_rate": 1.0
      },
      "per_node": {
        "avg_delivery_time": 3.5242,
        "std_delivery_time": 0.4214882679268783
      },
      "shared": {
        "avg_delivery_time": 3.5928000000000004,
        "std_delivery_time": 0.4689649880321558
      }
    },
    "0.2": {
      "ospf": {
        "avg_delivery_time": 2.8638,
        "avg_hops": 2.1997999999999998,
        "delivery_rate": 1.0
      },
      "per_node": {
        "avg_delivery_time": 3.2398000000000002,
        "std_delivery_time": 0.3606244029457795
      },
      "shared": {
        "avg_delivery_time": 3.2604,
        "std_delivery_time": 0.5432971930720792
      }
    },
    "0.4": {
      "ospf": {
        "avg_delivery_time": 3.6172000000000004,
        "avg_hops": 1.9185999999999999,
        "delivery_rate": 1.0
      },
      "per_node": {
        "avg_delivery_time": 3.5506,
        "std_delivery_time": 0.6530586803649424
      },
      "shared": {
        "avg_delivery_time": 3.6012,
        "std_delivery_time": 0.4779817569740502
      }
    },
    "0.6": {
      "ospf": {
        "avg_delivery_time": 8.0342,
        "avg_hops": 1.6168,
        "delivery_rate": 1.0
      },
      "per_node": {
        "avg_delivery_time": 4.6062,
        "std_delivery_time": 0.9477761128030184
      },
      "shared": {
        "avg_delivery_time": 4.692200000000001,
        "std_delivery_time": 0.8202177515757628
      }
    },
    "0.8": {
      "ospf": {
        "avg_delivery_time": 16.339,
        "avg_hops": 1.305,
        "delivery_rate": 1.0
      },
      "per_node": {
        "avg_delivery_time": 6.8852,
        "std_delivery_time": 1.5531789851784632
      },
      "shared": {
        "avg_delivery_time": 6.489400000000001,
        "std_delivery_time": 1.2154857629770905
      }
    }
  }
}