{
  "topology": "germany50",
  "train_episodes": 300,
  "results": {
    "0.0": {
      "ospf": 4.8022,
      "standard": {
        "mean": 4.087774788490842,
        "std": 0.3251086688234714
      },
      "persistent": {
        "mean": 4.197625396825397,
        "std": 0.29247496330599226
      }
    },
    "0.4": {
      "ospf": 8.559,
      "standard": {
        "mean": 4.848771982819994,
        "std": 0.30472835700058876
      },
      "persistent": {
        "mean": 4.852755138594019,
        "std": 0.35093654262482704
      }
    },
    "0.6": {
      "ospf": 15.645399999999997,
      "standard": {
        "mean": 5.469611931645511,
        "std": 0.3671990434243977
      },
      "persistent": {
        "mean": 5.5441481268077375,
        "std": 0.3846730544013855
      }
    },
    "0.8": {
      "ospf": 27.509199999999996,
      "standard": {
        "mean": 7.31248484097679,
        "std": 0.6940288684041226
      },
      "persistent": {
        "mean": 6.758310200734735,
        "std": 0.4814217758154657
      }
    }
  },
  "training_curves_dr0.6": {
    "standard": [
      39.08888888888889,
      40.14,
      36.567567567567565,
      29.35,
      38.02272727272727,
      23.829787234042552,
      32.18,
      28.973684210526315,
      27.225,
      31.733333333333334,
      25.72093023255814,
      30.862745098039216,
      26.516129032258064,
      24.390625,
      23.120689655172413,
      27.142857142857142,
      24.80597014925373,
      22.514705882352942,
      26.745454545454546,
      24.338983050847457,
      22.317460317460316,
      21.2,
      19.075949367088608,
      19.533333333333335,
      19.1125,
      21.91764705882353,
      17.134831460674157,
      19.175,
      17.038961038961038,
      18.4625,
      17.42528735632184,
      16.704545454545453,
      16.181818181818183,
      12.930232558139535,
      14.397727272727273,
      13.795454545454545,
      13.155555555555555,
      13.241758241758241,
      14.055555555555555,
      12.127906976744185,
      11.923913043478262,
      11.096774193548388,
      12.692307692307692,
      9.787234042553191,
      9.411111111111111,
      10.23157894736842,
      9.108695652173912,
      9.872340425531915,
      12.375,
      9.924731182795698,
      10.434782608695652,
      9.404255319148936,
      9.8,
      8.586206896551724,
      8.967032967032967,
      9.225806451612904,
      8.586206896551724,
      8.505747126436782,
      8.155555555555555,
      10.238636363636363,
      9.153846153846153,
      7.141304347826087,
      8.125,
      8.380434782608695,
      6.935483870967742,
      7.354166666666667,
      8.840909090909092,
      7.8478260869565215,
      7.302083333333333,
      8.322222222222223,
      7.443298969072165,
      7.298969072164948,
      8.21505376344086,
      6.608695652173913,
      9.770833333333334,
      7.8,
      6.8125,
      7.149425287356322,
      7.09375,
      7.744186046511628,
      6.804347826086956,
      7.673684210526316,
      8.308510638297872,
      7.968085106382978,
      8.806122448979592,
      6.747368421052632,
      6.685393258426966,
      6.236559139784946,
      6.483516483516484,
      6.231578947368421,
      6.5,
      7.453608247422681,
      6.424242424242424,
      8.623655913978494,
      8.147727272727273,
      6.938775510204081,
      8.677083333333334,
      7.095744680851064,
      9.25531914893617,
      6.648936170212766,
      6.489130434782608,
      7.308510638297872,
      7.074468085106383,
      8.325842696629213,
      7.8,
      7.655555555555556,
      7.697916666666667,
      7.608247422680412,
      6.526881720430108,
      6.702127659574468,
      7.168421052631579,
      7.336956521739131,
      7.712765957446808,
      7.73404255319149,
      7.673469387755102,
      7.720430107526882,
      7.09375,
      8.052083333333334,
      8.144329896907216,
      6.778947368421052,
      7.119565217391305,
      6.635416666666667,
      7.204301075268817,
      6.25,
      7.71578947368421,
      6.5625,
      6.135416666666667,
      6.704081632653061,
      6.565217391304348,
      7.611111111111111,
      7.445652173913044,
      6.505154639175258,
      6.505050505050505,
      6.7368421052631575,
      6.557894736842106,
      7.0,
      6.821052631578947,
      5.670103092783505,
      7.030612244897959,
      6.4,
      6.541666666666667,
      6.375,
      6.11578947368421,
      6.26595744680851,
      6.580645161290323,
      6.96875,
      6.494736842105263,
      6.453608247422681,
      7.206185567010309,
      7.010309278350515,
      6.425531914893617,
      6.336842105263158,
      6.08,
      6.03125,
      7.905263157894737,
      6.414141414141414,
      7.1020408163265305,
      6.177083333333333,
      6.368421052631579,
      5.081632653061225,
      7.7894736842105265,
      6.37,
      6.708333333333333,
      6.43298969072165,
      6.755102040816326,
      6.8061224489795915,
      5.978947368421053,
      6.653061224489796,
      6.03125,
      6.819148936170213,
      7.21,
      6.214285714285714,
      6.56701030927835,
      7.082474226804123,
      5.520408163265306,
      7.416666666666667,
      7.5473684210526315,
      8.0,
      6.444444444444445,
      6.177083333333333,
      7.391752577319588,
      7.020833333333333,
      6.854166666666667,
      6.427083333333333,
      7.456521739130435,
      7.5,
      8.108695652173912,
      7.101010101010101,
      6.958333333333333,
      5.71,
      5.447916666666667,
      5.858585858585859,
      5.737373737373737,
      5.53,
      6.319587628865979,
      6.595959595959596,
      6.74,
      6.565656565656566,
      5.783505154639175,
      6.204081632653061,
      5.343434343434343,
      6.071428571428571,
      5.82,
      6.357142857142857,
      6.969072164948454,
      5.737373737373737,
      6.89,
      5.316326530612245,
      6.86,
      6.05050505050505,
      6.122448979591836,
      5.071428571428571,
      6.91919191919192,
      5.2,
      5.5353535353535355,
      5.53,
      6.010204081632653,
      6.71,
      5.97,
      5.303030303030303,
      6.121212121212121,
      5.101010101010101,
      7.0606060606060606,
      5.326530612244898,
      5.505050505050505,
      5.707070707070707,
      5.18,
      4.62,
      5.510204081632653,
      5.653061224489796,
      5.88,
      5.19,
      5.77,
      6.333333333333333,
      5.744897959183674,
      6.061224489795919,
      6.03,
      6.313131313131313,
      6.92,
      5.606060606060606,
      6.08,
      5.836734693877551,
      5.857142857142857,
      5.717171717171717,
      6.422680412371134,
      5.639175257731959,
      5.8,
      5.591836734693878,
      5.474747474747475,
      6.061224489795919,
      5.84,
      5.595959595959596,
      5.737373737373737,
      5.73,
      5.928571428571429,
      5.530612244897959,
      4.959595959595959,
      5.26,
      5.777777777777778,
      6.3,
      4.92,
      5.777777777777778,
      5.202020202020202,
      5.12,
      5.381443298969073,
      5.22,
      6.03030303030303,
      5.387755102040816,
      6.101010101010101,
      5.989690721649485,
      5.86734693877551,
      5.282828282828283,
      5.23,
      6.653061224489796,
      6.202020202020202,
      6.05,
      5.826530612244898,
      6.755102040816326,
      6.2,
      5.89,
      6.595959595959596,
      5.59,
      6.0,
      5.737373737373737,
      5.0,
      5.7272727272727275,
      5.739583333333333,
      5.0606060606060606,
      5.333333333333333,
      6.46,
      5.555555555555555,
      6.08080808080808,
      5.666666666666667,
      6.25,
      4.97,
      5.36,
      5.31,
      6.202020202020202,
      5.071428571428571,
      5.747474747474747
    ],